title,link,instruments,cover,price
Purcell Vk28 Let The Dreadful Engines...,,"Baritone Horn, Piano",https://www.sheetmusicplus.com/dw/image/v2/BJFX_PRD/on/demandware.static/-/Sites-smp-main/default/dwb3f32c37/images/5960/6125960_cover-large_file.png?sw=316&sh=420&sm=fit,$11.95
Purcell Vk28 Let The Dreadful Engines...,,"Baritone Horn, Piano",https://www.sheetmusicplus.com/dw/image/v2/BJFX_PRD/on/demandware.static/-/Sites-smp-main/default/dwb3f32c37/images/5960/6125960_cover-large_file.png?sw=316&sh=420&sm=fit,$11.95
The Complete Sacred Choral Works,,"Choir, Choir",https://www.sheetmusicplus.com/dw/image/v2/BJFX_PRD/on/demandware.static/-/Sites-smp-main/default/dw210ffb4c/images/23/19520023_cover-large_file.png?sw=316&sh=420&sm=fit,Price reduced from$39.00to
The Complete Sacred Choral Works,,"Choir, Choir",https://www.sheetmusicplus.com/dw/image/v2/BJFX_PRD/on/demandware.static/-/Sites-smp-main/default/dw210ffb4c/images/23/19520023_cover-large_file.png?sw=316&sh=420&sm=fit,Price reduced from$39.00to
Harmony Fun with the Autoharp,,Autoharp,https://www.sheetmusicplus.com/dw/image/v2/BJFX_PRD/on/demandware.static/-/Sites-smp-main/default/dw665c62b1/images/4186/304186_cover-large_file.png?sw=316&sh=420&sm=fit,Price reduced from$1.25to
Harmony Fun with the Autoharp,,Autoharp,https://www.sheetmusicplus.com/dw/image/v2/BJFX_PRD/on/demandware.static/-/Sites-smp-main/default/dw665c62b1/images/4186/304186_cover-large_file.png?sw=316&sh=420&sm=fit,Price reduced from$1.25to
Songs From Many Lands,,"Choir, Choir",https://www.sheetmusicplus.com/dw/image/v2/BJFX_PRD/on/demandware.static/-/Sites-smp-main/default/dw629a0092/images/4143/304143_cover-large_file.png?sw=316&sh=420&sm=fit,Price reduced from$1.50to
Songs From Many Lands,,"Choir, Choir",https://www.sheetmusicplus.com/dw/image/v2/BJFX_PRD/on/demandware.static/-/Sites-smp-main/default/dw629a0092/images/4143/304143_cover-large_file.png?sw=316&sh=420&sm=fit,Price reduced from$1.50to
Outro in D minor (No.1),,Interactive Download,https://www.sheetmusicplus.com/dw/image/v2/BJFX_PRD/on/demandware.static/-/Sites-smp-main/default/dwc195ff4c/images/2647/22412647_cover-large_file.png?sw=316&sh=420&sm=fit,$4.99
Outro in D minor (No.1),,Interactive Download,https://www.sheetmusicplus.com/dw/image/v2/BJFX_PRD/on/demandware.static/-/Sites-smp-main/default/dwc195ff4c/images/2647/22412647_cover-large_file.png?sw=316&sh=420&sm=fit,$4.99
Burgundian Carol,,Trumpet Solo - Interactive Download,https://www.sheetmusicplus.com/dw/image/v2/BJFX_PRD/on/demandware.static/-/Sites-smp-main/default/dw5635336b/images/4498/22614498_cover-large_file.png?sw=316&sh=420&sm=fit,$4.99
Burgundian Carol,,Trumpet Solo - Interactive Download,https://www.sheetmusicplus.com/dw/image/v2/BJFX_PRD/on/demandware.static/-/Sites-smp-main/default/dw5635336b/images/4498/22614498_cover-large_file.png?sw=316&sh=420&sm=fit,$4.99
Greensleeves,,Clarinet - Interactive Download,https://www.sheetmusicplus.com/dw/image/v2/BJFX_PRD/on/demandware.static/-/Sites-smp-main/default/dw31f6e0af/images/3200/22103200_cover-large_file.png?sw=316&sh=420&sm=fit,$4.99
Greensleeves,,Clarinet - Interactive Download,https://www.sheetmusicplus.com/dw/image/v2/BJFX_PRD/on/demandware.static/-/Sites-smp-main/default/dw31f6e0af/images/3200/22103200_cover-large_file.png?sw=316&sh=420&sm=fit,$4.99
"""Wind"" (Vol. I)",,"Cello, Double Bass, Harmonica, Trombone, Small Ensemble - Interactive Download",https://www.sheetmusicplus.com/dw/image/v2/BJFX_PRD/on/demandware.static/-/Sites-smp-main/default/dwda444588/images/7485/22787485_cover-large_file.png?sw=316&sh=420&sm=fit,$4.99
"""Wind"" (Vol. I)",,"Cello, Double Bass, Harmonica, Trombone, Small Ensemble - Interactive Download",https://www.sheetmusicplus.com/dw/image/v2/BJFX_PRD/on/demandware.static/-/Sites-smp-main/default/dwda444588/images/7485/22787485_cover-large_file.png?sw=316&sh=420&sm=fit,$4.99
SUMMER (FOUR SEASONS) for Flute Quintet Flute Choir,,"Flute, Flute Choir, Woodwind Quintet, Woodwind Ensemble - Digital Download",https://www.sheetmusicplus.com/dw/image/v2/BJFX_PRD/on/demandware.static/-/Sites-smp-main/default/dw57f26132/images/3452/20023452_cover-large_file.png?sw=316&sh=420&sm=fit,$19.99
SUMMER (FOUR SEASONS) for Flute Quintet Flute Choir,,"Flute, Flute Choir, Woodwind Quintet, Woodwind Ensemble - Digital Download",https://www.sheetmusicplus.com/dw/image/v2/BJFX_PRD/on/demandware.static/-/Sites-smp-main/default/dw57f26132/images/3452/20023452_cover-large_file.png?sw=316&sh=420&sm=fit,$19.99
"Copy of Copy of Copy of ""Wind"" (Vol. I)",,"Cello, Double Bass, Harmonica, Trombone, Small Ensemble - Interactive Download",https://www.sheetmusicplus.com/dw/image/v2/BJFX_PRD/on/demandware.static/-/Sites-smp-main/default/dw7a79139c/images/3424/22843424_cover-large_file.png?sw=316&sh=420&sm=fit,$4.99
"Copy of Copy of Copy of ""Wind"" (Vol. I)",,"Cello, Double Bass, Harmonica, Trombone, Small Ensemble - Interactive Download",https://www.sheetmusicplus.com/dw/image/v2/BJFX_PRD/on/demandware.static/-/Sites-smp-main/default/dw7a79139c/images/3424/22843424_cover-large_file.png?sw=316&sh=420&sm=fit,$4.99
The Feeling Never Goes Away,,"Acoustic Guitar, Electric Guitar - Interactive Download",https://www.sheetmusicplus.com/dw/image/v2/BJFX_PRD/on/demandware.static/-/Sites-smp-main/default/dw7cfa01a5/images/7561/22387561_cover-large_file.png?sw=316&sh=420&sm=fit,$4.99
The Feeling Never Goes Away,,"Acoustic Guitar, Electric Guitar - Interactive Download",https://www.sheetmusicplus.com/dw/image/v2/BJFX_PRD/on/demandware.static/-/Sites-smp-main/default/dw7cfa01a5/images/7561/22387561_cover-large_file.png?sw=316&sh=420&sm=fit,$4.99
JOY,,Flute Solo - Digital Download,https://www.sheetmusicplus.com/dw/image/v2/BJFX_PRD/on/demandware.static/-/Sites-smp-main/default/dwa541afb5/images/1866/22081866_cover-large_file.png?sw=316&sh=420&sm=fit,$4.99
JOY,,Flute Solo - Digital Download,https://www.sheetmusicplus.com/dw/image/v2/BJFX_PRD/on/demandware.static/-/Sites-smp-main/default/dwa541afb5/images/1866/22081866_cover-large_file.png?sw=316&sh=420&sm=fit,$4.99
Cold As Ice,,"Choir, Soprano Saxophone, Alto Saxophone, Tenor Voice, Bass Voice, Choir - Interactive Download",https://www.sheetmusicplus.com/dw/image/v2/BJFX_PRD/on/demandware.static/-/Sites-smp-main/default/dwd0283e23/images/3641/22713641_cover-large_file.png?sw=316&sh=420&sm=fit,Price reduced from$2.99to
Cold As Ice,,"Choir, Soprano Saxophone, Alto Saxophone, Tenor Voice, Bass Voice, Choir - Interactive Download",https://www.sheetmusicplus.com/dw/image/v2/BJFX_PRD/on/demandware.static/-/Sites-smp-main/default/dwd0283e23/images/3641/22713641_cover-large_file.png?sw=316&sh=420&sm=fit,Price reduced from$2.99to
If You Ever Need Me (Rehearsal Track),,"Piano, Voice - Digital Download",https://www.sheetmusicplus.com/dw/image/v2/BJFX_PRD/on/demandware.static/-/Sites-smp-main/default/dwa72d5144/images/9337/20389337_cover-large_file.png?sw=316&sh=420&sm=fit,$3.99
If You Ever Need Me (Rehearsal Track),,"Piano, Voice - Digital Download",https://www.sheetmusicplus.com/dw/image/v2/BJFX_PRD/on/demandware.static/-/Sites-smp-main/default/dwa72d5144/images/9337/20389337_cover-large_file.png?sw=316&sh=420&sm=fit,$3.99
The Entertainer - piano solo (abridged version),,Piano Solo - Digital Download,https://www.sheetmusicplus.com/dw/image/v2/BJFX_PRD/on/demandware.static/-/Sites-smp-main/default/dw850fc713/images/632/20700632_cover-large_file.png?sw=316&sh=420&sm=fit,$5.99
The Entertainer - piano solo (abridged version),,Piano Solo - Digital Download,https://www.sheetmusicplus.com/dw/image/v2/BJFX_PRD/on/demandware.static/-/Sites-smp-main/default/dw850fc713/images/632/20700632_cover-large_file.png?sw=316&sh=420&sm=fit,$5.99
If You Ever Need Me (SATB version - Accompaniment Track),,"Choir, Piano, 4-Part, SATB - Digital Download",https://www.sheetmusicplus.com/dw/image/v2/BJFX_PRD/on/demandware.static/-/Sites-smp-main/default/dw91e25d31/images/2177/20032177_cover-large_file.png?sw=316&sh=420&sm=fit,Price reduced from$3.99to
If You Ever Need Me (SATB version - Accompaniment Track),,"Choir, Piano, 4-Part, SATB - Digital Download",https://www.sheetmusicplus.com/dw/image/v2/BJFX_PRD/on/demandware.static/-/Sites-smp-main/default/dw91e25d31/images/2177/20032177_cover-large_file.png?sw=316&sh=420&sm=fit,Price reduced from$3.99to
Morning on the River,,Piano Solo - Digital Download,https://www.sheetmusicplus.com/dw/image/v2/BJFX_PRD/on/demandware.static/-/Sites-smp-main/default/dw6d923ab4/images/6863/20326863_cover-large_file.png?sw=316&sh=420&sm=fit,$5.99
Morning on the River,,Piano Solo - Digital Download,https://www.sheetmusicplus.com/dw/image/v2/BJFX_PRD/on/demandware.static/-/Sites-smp-main/default/dw6d923ab4/images/6863/20326863_cover-large_file.png?sw=316&sh=420&sm=fit,$5.99
VaOta MaYa BY Mc Ontor | Bangla HIP-HOP Music,,"Guitar, Voice, Piano, Vocal, Guitar - Digital Download",https://www.sheetmusicplus.com/dw/image/v2/BJFX_PRD/on/demandware.static/-/Sites-smp-main/default/dwe5e73598/images/7604/21377604_cover-large_file.png?sw=316&sh=420&sm=fit,$5.99
VaOta MaYa BY Mc Ontor | Bangla HIP-HOP Music,,"Guitar, Voice, Piano, Vocal, Guitar - Digital Download",https://www.sheetmusicplus.com/dw/image/v2/BJFX_PRD/on/demandware.static/-/Sites-smp-main/default/dwe5e73598/images/7604/21377604_cover-large_file.png?sw=316&sh=420&sm=fit,$5.99
She Will Be Loved,,"Viola, Violin, String Trio - Digital Download",https://www.sheetmusicplus.com/dw/image/v2/BJFX_PRD/on/demandware.static/-/Sites-smp-main/default/dw27b8df9a/images/2709/21152709_cover-large_file.png?sw=316&sh=420&sm=fit,$19.99
She Will Be Loved,,"Viola, Violin, String Trio - Digital Download",https://www.sheetmusicplus.com/dw/image/v2/BJFX_PRD/on/demandware.static/-/Sites-smp-main/default/dw27b8df9a/images/2709/21152709_cover-large_file.png?sw=316&sh=420&sm=fit,$19.99
If You Ever Need Me,,"Choir, 4-Part, SATB - Digital Download",https://www.sheetmusicplus.com/dw/image/v2/BJFX_PRD/on/demandware.static/-/Sites-smp-main/default/dwc6ead213/images/7933/19857933_cover-large_file.png?sw=316&sh=420&sm=fit,Price reduced from$3.99to
If You Ever Need Me,,"Choir, 4-Part, SATB - Digital Download",https://www.sheetmusicplus.com/dw/image/v2/BJFX_PRD/on/demandware.static/-/Sites-smp-main/default/dwc6ead213/images/7933/19857933_cover-large_file.png?sw=316&sh=420&sm=fit,Price reduced from$3.99to
